{
  "D2-4": [
    88.0523,
    44.114266666666666
  ],
  "D2-5": [
    87.41094166666667,
    45.57407222222223
  ],
  "D3-1": [
    87.20559722222222,
    48.43814166666667
  ],
  "D4-1": [
    86.99092222222222,
    48.72391944444445
  ],
  "D4-2": [
    86.98977777777777,
    48.72571388888889
  ],
  "D4-3": [
    86.99028055555556,
    48.72386388888889
  ],
  "D5-1": [
    86.60914722222222,
    47.09659166666667
  ],
  "D5-2": [
    86.25163333333333,
    46.77871666666667
  ],
  "D5-3": [
    86.251625,
    46.77872222222222
  ],
  "D5-4": [
    84.85192777777777,
    44.863936111111116
  ],
  "D5-5": [
    84.89895555555556,
    44.525927777777774
  ]
}