{
  "D2-1": [
    87.4404655790399,
    45.1674652416294
  ],
  "D2-2": [
    88.0952317405322,
    43.98787457903988
  ],
  "D2-3": [
    88.14315058378138,
    43.9424917405322
  ],
  "D2-4": [
    88.03380145347401,
    44.157268250448034
  ],
  "D2-5": [
    87.4457670922751,
    45.55557367569624
  ],
  "D2-6": [
    88.06701332028393,
    43.900693281053854
  ],
  "D2-7": [
    87.51015602585602,
    47.102950112312726
  ],
  "D2-8": [
    87.991315,
    44.017416
  ],
  "D2-9": [
    88.028785,
    44.07722
  ],
  "D3-1": [
    87.25328788016823,
    48.39529233642755
  ],
  "D3-2": [
    88.25571595806355,
    48.40074065794601
  ],
  "D3-3": [
    87.56518961474028,
    48.387880958063555
  ],
  "D3-4": [
    87.37050039629251,
    48.52430161474028
  ],
  "D3-5": [
    87.59475433467084,
    48.42978684038423
  ],
  "D3-6": [
    87.48356012136375,
    48.613068497850286
  ],
  "D3-7": [
    87.13732379648165,
    48.480342076032734
  ],
  "D3-8": [
    87.675372,
    48.384028
  ],
  "D3-9": [
    87.566789,
    48.5258
  ],
  "D3-10": [
    87.918008,
    48.432186
  ],
  "D3-11": [
    88.283999,
    48.187565
  ],
  "D3-12": [
    87.521244,
    48.483858
  ],
  "D4-1": [
    86.93642590951085,
    48.71081927744262
  ],
  "D4-2": [
    86.97667761077595,
    48.673925124210704
  ],
  "D4-3": [
    86.93849179087738,
    48.67296724514644
  ],
  "D4-4": [
    87.04304286052805,
    48.82711751840506
  ],
  "D4-5": [
    86.85273856190142,
    47.68141784276053
  ],
  "D4-6": [
    87.081175,
    48.627435
  ],
  "D4-7": [
    87.071924,
    48.687185
  ],
  "D4-8": [
    86.98301,
    48.599145
  ],
  "D4-9": [
    87.042139,
    48.674456
  ],
  "D4-10": [
    86.992455,
    48.765918
  ],
  "D4-11": [
    87.052475,
    48.690721
  ],
  "D4-12": [
    87.086837,
    48.654415
  ],
  "D4-13": [
    87.027278,
    48.643494
  ],
  "D4-14": [
    87.004457,
    48.804502
  ],
  "D4-15": [
    87.052061,
    48.763435
  ],
  "D4-16": [
    87.12799,
    48.859628
  ],
  "D5-1": [
    86.61942928662808,
    47.11458225138873
  ],
  "D5-2": [
    86.23429164010754,
    46.788998731072525
  ],
  "D5-3": [
    86.25877927382551,
    46.76138052899643
  ],
  "D5-4": [
    84.89326481118215,
    44.87109038493662
  ],
  "D5-5": [
    86.92131182641906,
    47.662559994352286
  ],
  "D5-6": [
    85.7702168472726,
    46.1210637913105
  ],
  "D5-7": [
    84.93104755497883,
    44.45205531492284
  ],
  "D5-8": [
    85.7295820400297,
    46.12943947886828
  ],
  "D5-9": [
    84.8893429612257,
    44.36637704002969
  ],
  "D5-10": [
    84.819807,
    44.671814
  ],
  "D6-1": [
    82.84782582735615,
    44.623283893927756
  ],
  "D6-2": [
    83.501434,
    44.526477
  ],
  "D7-1": [
    81.88180111697305,
    44.585858515433046
  ],
  "D7-2": [
    81.40279861112475,
    44.524294116973046
  ],
  "D7-3": [
    81.05955362861971,
    44.48929961112474
  ],
  "D7-4": [
    81.15639992848077,
    44.60035762861971
  ],
  "D7-5": [
    81.18117474411876,
    44.671578925026516
  ],
  "D7-6": [
    81.22157892502652,
    44.651268112195815
  ],
  "D7-7": [
    81.1772681121958,
    44.627198486687554
  ],
  "D7-8": [
    81.1460896361095,
    44.423769078946286
  ],
  "D7-9": [
    81.2446844023179,
    43.96790254074548
  ],
  "D7-10": [
    81.27214,
    44.590048
  ],
  "D7-11": [
    81.266795,
    44.530201
  ],
  "D7-12": [
    81.241257,
    44.506361
  ],
  "D7-13": [
    81.359283,
    44.626429
  ],
  "D7-14": [
    81.363352,
    44.567736
  ],
  "D7-15": [
    81.202201,
    44.525235
  ],
  "D7-16": [
    81.179214,
    44.511059
  ],
  "D7-17": [
    81.403111,
    44.572922
  ],
  "D8-1": [
    80.83956293724133,
    44.19919441717645
  ],
  "D8-2": [
    81.25679241717644,
    43.731178632922756
  ],
  "D8-3": [
    81.60650763292276,
    43.62136066701069
  ],
  "D8-4": [
    81.81686466701069,
    43.31213107514385
  ],
  "D8-5": [
    80.91827002090376,
    44.27646086750855
  ],
  "D8-6": [
    80.92537178322065,
    44.300270020903774
  ],
  "D8-7": [
    80.86984474073068,
    44.297371783220655
  ],
  "D8-8": [
    81.32400194257377,
    43.99085505767749
  ],
  "D8-9": [
    81.33318709300846,
    43.949001942573766
  ],
  "D8-10": [
    81.28834868843087,
    43.955187093008455
  ],
  "D8-11": [
    81.35557240629568,
    43.911348688430884
  ],
  "D8-12": [
    81.0863117753074,
    43.09812043419138
  ],
  "D9-1": [
    80.74019749898692,
    42.71843864415647
  ],
  "D9-2": [
    81.82895764415647,
    43.20033794521759
  ],
  "D9-3": [
    82.49583694521759,
    43.242175347928125
  ],
  "D9-4": [
    80.68279213243969,
    42.65789940053917
  ],
  "D9-5": [
    80.72589940053918,
    42.62386128586605
  ],
  "D9-6": [
    80.69686128586605,
    42.54606682720536
  ],
  "D9-7": [
    80.601362,
    42.668099
  ],
  "D9-8": [
    80.580348,
    42.636191
  ],
  "D9-9": [
    80.627637,
    42.607827
  ],
  "D9-10": [
    80.594998,
    42.606484
  ],
  "D9-11": [
    80.576122,
    42.660602
  ],
  "D10-1": [
    82.85074078708033,
    43.34637418078857
  ],
  "D10-2": [
    82.82975118078856,
    43.22811933181694
  ],
  "D10-3": [
    82.81834533181694,
    43.24028793361162
  ],
  "D10-4": [
    82.64981893361161,
    43.31724208983968
  ],
  "D10-5": [
    82.63319393448718,
    43.32756490333247
  ],
  "D10-6": [
    82.79403090333247,
    43.33375006845796
  ],
  "D10-7": [
    82.86375006845795,
    43.4025837570554
  ],
  "D10-8": [
    82.852139,
    43.272554
  ],
  "D10-9": [
    82.990801,
    43.41398
  ],
  "D10-10": [
    82.76628,
    43.252159
  ],
  "D10-11": [
    82.926548,
    43.404366
  ],
  "D10-12": [
    83.138012,
    43.40194
  ],
  "D10-13": [
    82.736508,
    43.25274
  ],
  "D10-14": [
    82.90035,
    43.425635
  ],
  "D10-15": [
    82.954693,
    43.425153
  ],
  "D11-1": [
    82.14910191902189,
    43.04241620514069
  ],
  "D11-2": [
    82.07147675730332,
    43.10910191902189
  ],
  "D11-3": [
    82.03469950478603,
    43.04147675730332
  ],
  "D11-4": [
    82.03362100981889,
    43.00469950478604
  ],
  "D11-5": [
    82.04441318458689,
    43.00362100981889
  ],
  "D11-6": [
    81.988673,
    43.083208
  ],
  "D12-1": [
    83.350680324407,
    43.81312591135771
  ],
  "D12-2": [
    84.3432619113577,
    43.69533485551277
  ],
  "D12-3": [
    83.95076185551277,
    43.750434789252175
  ],
  "D12-4": [
    84.47155478925218,
    43.514386530357775
  ],
  "D12-5": [
    84.47964353035779,
    43.508396540259426
  ],
  "D12-6": [
    83.89206635729407,
    43.66963825289797
  ],
  "D12-7": [
    84.46582583407184,
    43.5067905849169
  ],
  "D12-8": [
    84.15957745537479,
    42.97439402623251
  ],
  "D12-9": [
    84.304002,
    43.397507
  ],
  "D12-10": [
    84.430243,
    43.429417
  ],
  "D13-1": [
    85.63368107147056,
    43.06331018465423
  ],
  "D13-2": [
    86.25565087903848,
    42.87189407147058
  ],
  "D13-3": [
    86.59698340390824,
    42.93859787903849
  ],
  "D13-4": [
    87.21287627815732,
    43.48199740390823
  ],
  "D13-5": [
    87.52866989363939,
    43.930852960700875
  ]
}